Source,Target
Mr Hi,2
Mr Hi,3
Mr Hi,4
Mr Hi,5
Mr Hi,6
Mr Hi,7
Mr Hi,8
Mr Hi,9
Mr Hi,11
Mr Hi,12
Mr Hi,13
Mr Hi,14
Mr Hi,18
Mr Hi,20
Mr Hi,22
Mr Hi,32
2,3
2,4
2,8
2,14
2,18
2,20
2,22
2,31
3,4
3,8
3,9
3,10
3,14
3,28
3,29
3,33
4,8
4,13
4,14
5,7
5,11
6,7
6,11
6,17
7,17
9,31
9,33
9,John A
10,John A
14,John A
15,33
15,John A
16,33
16,John A
19,33
19,John A
20,John A
21,33
21,John A
23,33
23,John A
24,26
24,28
24,30
24,33
24,John A
25,26
25,28
25,32
26,32
27,30
27,John A
28,John A
29,32
29,John A
30,33
30,John A
31,33
31,John A
32,33
32,John A
33,John A
